id,title,description,area_id,thumb
1,恵比寿パンケーキデート,フォトジェニックでオシャレなパンケーキデートをお楽しみください♪,11,https://images.pexels.com/photos/1427801/pexels-photo-1427801.jpeg?auto=compress&cs=tinysrgb&dpr=3&h=750&w=1260
2,代々木公園デートプラン,ピクニック用のパンを買って、都心のど真ん中で自然を満喫！,10,https://media-cdn.tripadvisor.com/media/photo-o/0b/1a/17/18/caption.jpg
3,ちょっと大人な節約のんびりデート,知る人ぞ知るおすすめの癒しスポットです,10,https://www.shibu-cul.jp/hp/wp-content/uploads/2018/02/planetarium_slide02.jpg
4,オトナの渋谷デートプラン,こだわり日本酒×DJ Bar！,10,https://bridge-shibuya.com/wp-content/uploads/2014/09/BAR%E6%AD%A3%E9%9D%A2.jpg
5,初めての牛カツデート,「牛カツ食べたことある？」で誘ってみよう,8,https://kaiten-portal.jp/media/wp-content/uploads/2018/02/bed8f2f057241723645613c834520d46.jpg
6,ハンバーグと映画でしっとりデート,日光金谷ホテルのグリルをランチ価格で,8,https://tblg.k-img.com/resize/660x370c/restaurant/images/Rvw/96269/96269900.jpg?token=2b3622e&api=v2
7,品川水属性デート,水族館を楽しんだ後は自分たちで水中に入りましょう。,1,https://images.pexels.com/photos/1247523/pexels-photo-1247523.jpeg?auto=compress&cs=tinysrgb&dpr=2&h=750&w=1260
8,品川控えめデート,背伸びしない、でも楽しい！そんなデートを品川で・・・。,1,https://images.pexels.com/photos/344029/pexels-photo-344029.jpeg?auto=compress&cs=tinysrgb&dpr=2&h=750&w=1260
9,東京駅周辺でのんびりしたい！,自分で物づくりの体験をした後は公園で一息入れましょう,2,https://i1.wp.com/mappyphoto.com/wp-content/uploads/2019/09/Hibiyapark-11.jpg?resize=650%2C433&ssl=1
10,秋葉原サブカル巡り,サブカルに溢れた街でお互いの趣味発掘にスポットを当てたデートをしましょう。,3,https://cdn.4travel.jp/img/thumbnails/imk/tips_pict/16/96/40/220x220_16964053.jpg?updated_at=1575555419
11,ぶらり上野デート,リーズナブルかつ話の種がたくさん見つかるデートコースです。,4,https://d340eiag32bpum.cloudfront.net/img/post/spot/491/49100-EywKQzPGTb22BwvZwGgW_lrg.jpg
12,下町デートin西日暮里,食も散歩も大満足！谷中ぎんざで楽しもう！,5,https://www.hotel-graphy.com/wp/wp-content/themes/hotelgraphy/assets/images/facilities/bar/img_bar_03.jpg
13,非日常に溢れた街、池袋,VRでたくさん遊んだ後はでっかいハンバーガーで決まり！,6,https://bandainamco-am.co.jp/others/mazaria/jp/images/howto/img_howto_01.jpg
14,エンタメ好きのためのデートin新宿,劇場で笑った後は、自分たちが話題の中心になるのです。,8,http://www.hige-girl.com/img/gallery/01.jpg
15,原宿でカワイくデート,海外目線カワイイ最前線を見つけに行こう！,9,https://images.pexels.com/photos/3992715/pexels-photo-3992715.jpeg?auto=compress&cs=tinysrgb&dpr=2&w=500
16,渋谷一日遊びっぱなしプラン,ボルダリングに糖分にカラオケ！完璧！,10,https://noborock.com/wp-content/uploads/2019/02/photo_shibuya_04.jpg
17,お洒落な恵比寿で庶民的なデート！,お腹いっぱいになるまで飲み食いすればウルトラハッピー！,11,https://www.gotokyo.org/en/spot/49/images/49_0130_2_950x637.jpg
18,マグロになりきり！中野デート,心がくすぐられるお出かけにしましょう,8,https://lh3.googleusercontent.com/0Kh-psoleO4QJqMxxVK3920Wyu2qriyg0o2kNoyXIBD9YDnp5EEnJ3OJRQHDVX8xFkkTngT3QNOp6tmF=w960-h960-n-o-v1
19,気分は旅支度、目黒でデート,旅人必携アイテムを眺めた後は温泉で身体を整えましょう。,12,https://image.jimcdn.com/app/cms/image/transf/none/path/s35c45e6d3395b2ad/image/ic8304ded65fbf202/version/1553647491/image.jpg
20,気心知れた相手との代官山デート,不思議空間でのランチと、本屋さんで流れるゆっくりとした時間を楽しもう。,13,https://store.tsite.jp/static_contents/site/tsite/daikanyama/img/floor/shop/tsutaya-books/key.jpg
21,お天道様が照らす自由が丘でのデート,天気が良いならここで決まり！異国情緒と和をどちらも楽しむ。,15,http://nanairocolumn.files.wordpress.com/2014/03/p10107101.jpg?w=547
22,お台場でBBQと温泉デート,バーベキューは役割分担で盛り上がる！そのあとの温泉で煙臭さもバッチリケア！,1,http://www.bbq-partystyle.com/area/up_img/1561948799-534501_3.jpg
23,飲み屋デートってのも良いじゃない。人間だもの。,相田みつをの世界観を観賞後に一杯語らってみますか？,2,https://www.t-i-forum.co.jp/img/121-15-gallery-05.jpg
24,秋葉原エネルギッシュデート,地下アイドルのライブで元気になり、熟成肉でさらに元気になるプラン。,3,https://www.alice-project.biz/img/eg/header.jpg
25,非日常を楽しむ池袋デート,サバゲーに興味はありませんか？ペンギンに興味はありませんか？,6,https://www.penginbar.jp/img/index/pengin-p.png
26,目黒好奇心くすぐるデート,寄生虫にプラネタリウム、知的好奇心を広げましょう！,12,https://www.ozmall.co.jp/Content/upload/images/de9e3265ea994e7fb72e4dcad22b980a.jpg
27,代官山カロリー摂取ツアー,チョコ？好きです！もつ鍋？好きです？目の前の人？大好きです！,13,https://imgfp.hotp.jp/IMGH/82/78/P012318278/P012318278_480.jpg